{
    "featue_performances": [
        {
            "feature": "workclass",
            "slice_metrics": {
                "?": {
                    "fbeta": 0.676923076923077,
                    "precision": 0.7586206896551724,
                    "recall": 0.6111111111111112
                },
                "Federal-gov": {
                    "fbeta": 0.7215189873417721,
                    "precision": 0.7916666666666666,
                    "recall": 0.6627906976744186
                },
                "Local-gov": {
                    "fbeta": 0.7404580152671756,
                    "precision": 0.7698412698412699,
                    "recall": 0.7132352941176471
                },
                "Never-worked": {
                    "fbeta": 1.0,
                    "precision": 1.0,
                    "recall": 1.0
                },
                "Private": {
                    "fbeta": 0.6946175637393768,
                    "precision": 0.795071335927367,
                    "recall": 0.6167002012072434
                },
                "Self-emp-inc": {
                    "fbeta": 0.8256227758007119,
                    "precision": 0.8169014084507042,
                    "recall": 0.8345323741007195
                },
                "Self-emp-not-inc": {
                    "fbeta": 0.7154471544715447,
                    "precision": 0.7857142857142857,
                    "recall": 0.6567164179104478
                },
                "State-gov": {
                    "fbeta": 0.7916666666666667,
                    "precision": 0.8260869565217391,
                    "recall": 0.76
                },
                "Without-pay": {
                    "fbeta": 1.0,
                    "precision": 1.0,
                    "recall": 1.0
                }
            }
        },
        {
            "feature": "education",
            "slice_metrics": {
                "10th": {
                    "fbeta": 0.5,
                    "precision": 1.0,
                    "recall": 0.3333333333333333
                },
                "11th": {
                    "fbeta": 0.47619047619047616,
                    "precision": 1.0,
                    "recall": 0.3125
                },
                "12th": {
                    "fbeta": 0.6153846153846153,
                    "precision": 1.0,
                    "recall": 0.4444444444444444
                },
                "1st-4th": {
                    "fbeta": 1.0,
                    "precision": 1.0,
                    "recall": 1.0
                },
                "5th-6th": {
                    "fbeta": 0.4,
                    "precision": 1.0,
                    "recall": 0.25
                },
                "7th-8th": {
                    "fbeta": 0.0,
                    "precision": 1.0,
                    "recall": 0.0
                },
                "9th": {
                    "fbeta": 0.5,
                    "precision": 1.0,
                    "recall": 0.3333333333333333
                },
                "Assoc-acdm": {
                    "fbeta": 0.6956521739130435,
                    "precision": 0.7619047619047619,
                    "recall": 0.64
                },
                "Assoc-voc": {
                    "fbeta": 0.6805555555555556,
                    "precision": 0.7424242424242424,
                    "recall": 0.6282051282051282
                },
                "Bachelors": {
                    "fbeta": 0.7754189944134078,
                    "precision": 0.7367303609341825,
                    "recall": 0.8183962264150944
                },
                "Doctorate": {
                    "fbeta": 0.923076923076923,
                    "precision": 0.8852459016393442,
                    "recall": 0.9642857142857143
                },
                "HS-grad": {
                    "fbeta": 0.4917355371900826,
                    "precision": 0.85,
                    "recall": 0.34593023255813954
                },
                "Masters": {
                    "fbeta": 0.8785046728971962,
                    "precision": 0.8545454545454545,
                    "recall": 0.9038461538461539
                },
                "Preschool": {
                    "fbeta": 1.0,
                    "precision": 1.0,
                    "recall": 1.0
                },
                "Prof-school": {
                    "fbeta": 0.8999999999999999,
                    "precision": 0.8804347826086957,
                    "recall": 0.9204545454545454
                },
                "Some-college": {
                    "fbeta": 0.6407766990291263,
                    "precision": 0.7710280373831776,
                    "recall": 0.5481727574750831
                }
            }
        },
        {
            "feature": "marital-status",
            "slice_metrics": {
                "Divorced": {
                    "fbeta": 0.528,
                    "precision": 0.868421052631579,
                    "recall": 0.3793103448275862
                },
                "Married-AF-spouse": {
                    "fbeta": 0.0,
                    "precision": 1.0,
                    "recall": 0.0
                },
                "Married-civ-spouse": {
                    "fbeta": 0.7393328161365398,
                    "precision": 0.7856553998351196,
                    "recall": 0.6981684981684981
                },
                "Married-spouse-absent": {
                    "fbeta": 0.46153846153846156,
                    "precision": 0.75,
                    "recall": 0.3333333333333333
                },
                "Never-married": {
                    "fbeta": 0.6103896103896104,
                    "precision": 0.9038461538461539,
                    "recall": 0.46078431372549017
                },
                "Separated": {
                    "fbeta": 0.761904761904762,
                    "precision": 1.0,
                    "recall": 0.6153846153846154
                },
                "Widowed": {
                    "fbeta": 0.41379310344827586,
                    "precision": 1.0,
                    "recall": 0.2608695652173913
                }
            }
        },
        {
            "feature": "occupation",
            "slice_metrics": {
                "?": {
                    "fbeta": 0.676923076923077,
                    "precision": 0.7586206896551724,
                    "recall": 0.6111111111111112
                },
                "Adm-clerical": {
                    "fbeta": 0.6103896103896104,
                    "precision": 0.8245614035087719,
                    "recall": 0.4845360824742268
                },
                "Armed-Forces": {
                    "fbeta": 1.0,
                    "precision": 1.0,
                    "recall": 1.0
                },
                "Craft-repair": {
                    "fbeta": 0.5098039215686274,
                    "precision": 0.7386363636363636,
                    "recall": 0.38922155688622756
                },
                "Exec-managerial": {
                    "fbeta": 0.8145454545454546,
                    "precision": 0.801909307875895,
                    "recall": 0.8275862068965517
                },
                "Farming-fishing": {
                    "fbeta": 0.41379310344827586,
                    "precision": 0.8571428571428571,
                    "recall": 0.2727272727272727
                },
                "Handlers-cleaners": {
                    "fbeta": 0.7407407407407407,
                    "precision": 1.0,
                    "recall": 0.5882352941176471
                },
                "Machine-op-inspct": {
                    "fbeta": 0.4411764705882353,
                    "precision": 0.8333333333333334,
                    "recall": 0.3
                },
                "Other-service": {
                    "fbeta": 0.12903225806451613,